Terim,Açıklama
"AB Tanımlı Genel Yönetim Nominal Borç Yükü","Günümüzde AB tanımlı genel yönetim nominal borç stokunun GSYH’ya oranı bu amaçla kullanılmaktadır. Bu hesaplama yapılırken genel yönetim iç ve dış borç stoklarının toplamı alınmakta bu toplamdan ayarlama kalemleri düşülmekte ve bulunan tutar GSYH’ya bölünmektedir."
"ABD Merkez Bankası (Fed)","1913 yılında kurulmuştur. Fed’in kuruluş yasasında izleyeceği para politikası için üç temel amaç belirlenmiştir: En üst düzeyde istihdamın sağlanması, fiyat istikrarının gerçekleştirilmesi ve uzun dönemli faizlerin makul düzeyde tutulması."
"Açık (iç ve dış ekonomik denge açıkları)","Bir ekonomide iç ve dış ekonomik dengeler vardır. İç ekonomik denge iki alt dengeye ayrılır: özel kesim dengesidir ve kamu kesimi dengesidir."
"Açık piyasa işlemleri (APİ)","Para politikası uygulaması açısından merkez bankalarının piyasadaki para miktarını artırmak veya azaltmak amacıyla hazine kağıdı alım veya satım işlemlerini yapmasıdır."
"Açık Pozisyon (Short Position)","Bir işletmenin döviz yükümlülüklerinin döviz varlıklarından daha büyük olması haline açık pozisyon denir."
"Ahbap çavuş kapitalizmi (crony capitalism)","İşadamlarının işlerini, siyasal iktidar ve bürokratlarla olan yakın ilişkilerine dayanarak yürüttüğü sistem."
"Akım Değişken","Belli bir dönem içinde ölçülen değişkenlere akım değişken denir. Örneğin, gelir bir akım değişkendir."
"Akıl Yürütme Yöntemi","Verileri birbirine bağlayarak analiz etmeyi gerektiren yöntemdir. Sherlock Holmes'un akıl yürütme yöntemi de bu bağlamda ele alınabilir."
"Algoritma","Belli bir problemi çözmek veya belirli bir amaca ulaşmak için tasarlanan yoldur."
"Alternatif Maliyet","Herhangi bir mal ya da hizmetin satın alınmasında vazgeçilen alternatifin maliyetidir."
"Altın","Parlak, ağır ve kolay tepkimeye girmeyen bir metaldir. Saf haliyle yumuşak ve yüksek iletkenliği vardır."
"Altın Standardı","Paranın değerinin belli ağırlıkta altının değerine bağlandığı parasal sistem."
"Amortisman","Yatırım mallarının kullanıldıkça eskimesi ve değerinin düşmesi nedeniyle kullanım süresi sonunda yenisinin alınması için ayrılması gereken miktarlara amortisman deniyor. İki tür uygulanma şekli vardır: Sabit oranlı amortisman ve azalan bakiyeler yöntemiyle amortisman."
"Ankes","Bankaların mevduat çekilişi veya günlük işlemlere ilişkin ödemelerini karşılayabilmeleri amacıyla kasalarında hazır bulundurdukları paraya ankes denir. Miktarı ve şekli bankaların kararlarına bağlıdır."
"Arbitraj","Fiyat farklılıklarından kazanç sağlamak amacıyla para, değerli maden, hisse senedi ve tahvil gibi değerleri alıp satma işlemine arbitraj adı veriliyor. En yaygın uygulama döviz piyasasında görülmektedir."
"Arz Yönlü Ekonomi (Supply Side Economics)","Ekonominin gelişimini üretim tarafında görerek üretimin artırılması için vergi indirimleri ve piyasaların deregülasyonunu savunan ekonomi yaklaşımına arz yönlü ekonomi denir."
"Asgari Ücret","Asgari ücret, işçi ve ailesinin insanca yaşamasını mümkün kılacak minimum ücrettir ve işverenin işçiye bu tutarın altında ücret ödemesi önlenmektedir."
"Asimetrik Bilgi","Bilgiye erişim konusunda farklı konumların olduğu durumları ifade eder. Özellikle kullanılmış mallarda veya müzayedelerde fiyat farklılığını etkileyen bir olgudur."
"Avrupa Birliği (European Union)","Avrupa Birliği, Avrupa kıtasındaki ülkelerin siyasal ve ekonomik birlik sağlamak üzere örgütlenmesine verilen addır. 2012 itibarıyla 27 üyesi bulunmaktadır."
"Avrupa İstikrar Mekanizması","Finansal açıdan zorluk içine giren Avrupa Birliği üyesi ülkelere finansal destek sağlamak amacıyla geliştirilmiş bir mekanizmadır."
"Avrupa Merkez Bankası (European Central Bank - ECB, AMB)","Avrupa Merkez Bankası, Euro birliğinin para politikası ve uygulamalarını yönetmek üzere kurulmuş olan merkez bankasıdır. Temel görevi fiyat istikrarını sağlamaktır."
"Avrupa Yatırım Bankası (European Investment Bank)","1958 yılında Roma Antlaşmasıyla kurulmuş, merkezi Lüksemburg'da bulunan Avrupa Birliği'nin finansal kuruluşudur. Avrupa Birliği ve çevresinde büyüme, istihdam, çevre, rekabetin geliştirilmesi gibi konularda finansman imkânı sağlamaktadır."
"Ayı Piyasası","Ayı piyasası; gelecek hakkında karamsar beklentilerin egemen olduğu piyasaları anlatan bir deyimdir. Piyasanın mevcut haline göre daha kötüye gideceği beklentisi içinde olan kişiler, hisse senetlerini satmak suretiyle kâr elde etmeyi amaçlarlar."
"Ayrışma (Decoupling)","Ekonomilerin büyük çoğunluğu aynı yönde giderken bazılarının farklı yönde gidebilmesi olgusudur. Örneğin, gelişmiş ekonomiler çöküş yaşarken gelişen ekonomilerin çıkış göstermesi bu durumu gösterir."
"Baltık Kuru Yük Endeksi (Baltic Dry Index)","Deniz yoluyla taşınan hammadelerin fiyat hareketlerini değerlendiren bir endekstir. Gemi brokerları, taşıma maliyetlerini Baltık Borsasına bildirir ve bu verilere dayanarak endeks oluşturulur."
"Balon ya da Köpük (ekonomik anlamı)","Sanal değerle reel değer arasındaki farkın sanal olanı lehine giderek büyümesine balon ya da köpük denir. Örneğin, 1636-1637 yıllarında Hollanda’da yaşanan ‘Lale Çılgınlığı’ bu duruma örnektir."
"Basel Komitesi","Uluslararası bankacılık standartlarını belirleyen komite 1974 yılında Bank for International Settlements (BIS) tarafından kurulmuştur. Kredil riskleri, piyasa riski ve operasyonel risk konularında çalışmalar yapmaktadır."
"Batık Kredi","Vadesinden sonra ödenmemiş ve borçluya bildirilmesine karşın ödenmeme durumu devam eden kredilere batık kredi denir."
"Baz Etkisi","Karşılaştırmaya konu olan iki dönemden ilkinde ortaya çıkan aşırı yükseliş veya düşüşün sonuçları üzerindeki etkisidir. Örneğin, geçen yıl yüksek enflasyon oranı bu yılki oranı etkileyebilir."
"Beklentiler (Expectation)","Henüz gerçekleşmemiş bir olaya dair tahminlerdir. Örneğin, yıl ortasında yılsonu enflasyonunun %7 olarak beklenmesi bir beklentidir."
"BIST Endeksleri","Borsa İstanbul'un temel endeksleridir; BIST 100, BIST 50 ve BIST 30 gibi çeşitli endekslerden oluşur ve ulusal pazar ile kurumsal ürünler pazarındaki hisse senetlerini kapsar."
"Bitcoin","Merkezi otoriteye bağlı olmayan, internet aracılığıyla kullanılan sanal bir para birimidir. Kullanıcılar kimliklerini açıklamadan işlemler yapabilirler."
"Blockchain","Şifrelenmiş işlem takibi sağlayan dağıtık bir veri tabanıdır. Bilgiler bloklar halinde kaydedilir ve birden fazla yerde tutulur, bu sayede güvenilirlik sağlanır."
"Boğa Piyasası","Gelecek hakkında iyimser beklentilerin egemen olduğu piyasaları anlatan bir deyimdir. Piyasanın yükseleceği beklentisiyle yatırım yapan kişilere boğa denir."
"Borç Servisi","Borçların anapara ve faizlerinin alacaklılara ödenmesine borç servisi denir. Ödeme tarihleri belirli dönemlerde yapılır."
"Avrupa Yatırım Bankası (European Investment Bank)","1958 yılında Roma Antlaşmasıyla kurulmuş, merkezi Lüksemburg'da bulunan Avrupa Birliği'nin finansal kuruluşudur. Avrupa Birliği ve çevresinde büyüme, istihdam, çevre, rekabetin geliştirilmesi gibi konularda finansman imkânı sağlamaktadır."
"Ayı Piyasası","Ayı piyasası; gelecek hakkında karamsar beklentilerin egemen olduğu piyasaları anlatan bir deyimdir. Piyasanın mevcut haline göre daha kötüye gideceği beklentisi içinde olan kişiler, hisse senetlerini satmak suretiyle kâr elde etmeyi amaçlarlar."
"Ayrışma (Decoupling)","Ekonomilerin büyük çoğunluğu aynı yönde giderken bazılarının farklı yönde gidebilmesi olgusudur. Örneğin, gelişmiş ekonomiler çöküş yaşarken gelişen ekonomilerin çıkış göstermesi bu durumu gösterir."
"Baltık Kuru Yük Endeksi (Baltic Dry Index)","Deniz yoluyla taşınan hammadelerin fiyat hareketlerini değerlendiren bir endekstir. Gemi brokerları, taşıma maliyetlerini Baltık Borsasına bildirir ve bu verilere dayanarak endeks oluşturulur."
"Balon ya da Köpük (ekonomik anlamı)","Sanal değerle reel değer arasındaki farkın sanal olanı lehine giderek büyümesine balon ya da köpük denir. Örneğin, 1636-1637 yıllarında Hollanda’da yaşanan ‘Lale Çılgınlığı’ bu duruma örnektir."
"Basel Komitesi","Uluslararası bankacılık standartlarını belirleyen komite 1974 yılında Bank for International Settlements (BIS) tarafından kurulmuştur. Kredil riskleri, piyasa riski ve operasyonel risk konularında çalışmalar yapmaktadır."
"Batık Kredi","Vadesinden sonra ödenmemiş ve borçluya bildirilmesine karşın ödenmeme durumu devam eden kredilere batık kredi denir."
"Baz Etkisi","Karşılaştırmaya konu olan iki dönemden ilkinde ortaya çıkan aşırı yükseliş veya düşüşün sonuçları üzerindeki etkisidir. Örneğin, geçen yıl yüksek enflasyon oranı bu yılki oranı etkileyebilir."
"Beklentiler (Expectation)","Henüz gerçekleşmemiş bir olaya dair tahminlerdir. Örneğin, yıl ortasında yılsonu enflasyonunun %7 olarak beklenmesi bir beklentidir."
"BIST Endeksleri","Borsa İstanbul'un temel endeksleridir; BIST 100, BIST 50 ve BIST 30 gibi çeşitli endekslerden oluşur ve ulusal pazar ile kurumsal ürünler pazarındaki hisse senetlerini kapsar."
"Bitcoin","Merkezi otoriteye bağlı olmayan, internet aracılığıyla kullanılan sanal bir para birimidir. Kullanıcılar kimliklerini açıklamadan işlemler yapabilirler."
"Blockchain","Şifrelenmiş işlem takibi sağlayan dağıtık bir veri tabanıdır. Bilgiler bloklar halinde kaydedilir ve birden fazla yerde tutulur, bu sayede güvenilirlik sağlanır."
"Boğa Piyasası","Gelecek hakkında iyimser beklentilerin egemen olduğu piyasaları anlatan bir deyimdir. Piyasanın yükseleceği beklentisiyle yatırım yapan kişilere boğa denir."
"Borç Servisi","Borçların anapara ve faizlerinin alacaklılara ödenmesine borç servisi denir. Ödeme tarihleri belirli dönemlerde yapılır."
"Borç Stoku","Bir devletin, şirketin ya da kişinin belirli bir tarih itibariyle birikmiş borç miktarıdır. Kamu borç stoku, kamu kesiminin iç ve dış borçlarının toplamını ifade eder."
"Borç Tavanı","ABD’de Hazine’nin borçlanma limitine borç tavanı denir. Kongre, yasayla belirlenen tavana ulaşılana kadar borçlanma yetkisine sahiptir."
"Borç Verilebilir Fonlar Piyasası (Loanable Fund Market)","Finansman fazlası olup bunu ödünç vermek amacıyla piyasaya arz edenlerle, finansman açıklarını borçlanarak karşılamak isteyenlerin buluştuğu piyasa."
"Borç Yükü (Debt Burden)","Bir devletin, şirketin ya da kişinin belirli bir tarih itibariyle birikmiş borç miktarının toplam gelirine oranıdır. Kamu borç yükü, kamu kesiminin borçlarının GSYH'ya oranını ifade eder."
"Brent Petrol","Kuzey denizinden çıkarılan ve varili uluslararası standart kabul edilen, kaliteli ham petrol türüdür. Dünyanın ham petrol ticaretinin üçte ikisini karşılamakta kullanılır."
"Bretton Woods Sistemi","1944 yılında kabul edilen ekonomik ve mali sistemdir. Bu sistem, dünya para sisteminin altına endeksli dolara bağlı olarak yönlenmesini öngörür."
"Bulyonizm","Servetin değerli metallerden geldiğini öne süren yaklaşımın adıdır. 16. Yüzyılda İngiltere’nin ihracat gelirlerini değerli metallere çevirmesiyle yaygınlık kazanmıştır."
"Bütçe","Belirli bir dönem için elde edilecek gelirlerle yapılması planlanan giderleri gösteren tahmin cetvelidir. Kamu bütçesi, vergileri içerir."
"Bütçe Dengesi (Budget Balance)","Bütçe gelirleri ile giderleri arasındaki dengeyi ifade eder. Üç durumdan birisi söz konusudur: denktir, fazlası vardır ya da açığı vardır."
"Büyüme","Ekonomik büyüme, bir ülkede ya da bölgede insan ihtiyaçlarını karşılayacak olan araçlar ve ürünlerdeki artışı ifade eder. GSYH üzerinden ölçülür."
"Cari Denge (Cari Açık veya Cari Fazla)","Mal ve hizmetlerin gelir ve giderleri arasındaki dengeyi ifade eder. Cari açık ya da cari fazla ile sonuçlanabilir."
"Carry Trade","Faiz oranı düşük bir para biriminden borçlanıp, daha yüksek faizli bir para birimine çevirmek suretiyle gelir elde etme işlemidir."
"Case - Shiller Endeksi","ABD’deki konut satış fiyatlarını izlemek üzere geliştirilen bir endekstir. Birçok türü bulunmaktadır ve her ayın son Salı günü yayımlanır."
"Ceteris Paribus","Latince, “diğer tüm durumlar sabitken”, “öteki koşullar değişmediği sürece” anlamına gelen bir deyimdir. Ekonomide, bir değişkenin zaman içindeki değişimi izlenirken öteki değişkenlerin sabit olduğu varsayımının yapılmasıyla ortaya çıkan durumu ifade eder. Örneğin “Bir malın fiyatı artarken o mala olan talep düşer, ceteris paribus” önermesi yapılır."
"CDS (Credit Default Swap)","CDS, Credit Default Swap deyiminin kısaltmasıdır. Bir kişi ya da kuruluşun, kredi sahibinin karşılaşabileceği alacağın ödenmemesi riskini belirli bir bedel karşılığında üstlenmeyi kabul etmesinin bedelidir. Bu çerçevede bir anlamda kredi sigortası gibi çalışır."
"Çapraz Kur","İki para birimi arasındaki dolaylı değişim oranına çapraz kur adı verilmektedir. Genellikle ABD doları ile yerel paralar arasındaki değişim oranı şeklinde ifade edilir. Çapraz kur, iki ülkenin paralarının her birinin bir üçüncü ülkenin para birimiyle arasındaki paritedir."
"Çıktı Açığı","Bir ekonomide üretimin ya da gelirin toplam değeri olarak ifade edilen GSYH’nın, gerçekleşen düzeyinin, potansiyel düzeyinden farklı olması halinde aradaki farka çıktı açığı denir. Pozitif çıktıda talep fazlalığı, negatif çıktıda ise arz fazlalığı söz konusudur."
"Damping","Bir şirketin ürettiği malı iç piyasada sattığı fiyatın altında bir fiyata ihraç etmesi haline damping denir. Damping, geçici ve sürekli olmak üzere iki şekilde karşımıza çıkar."
"Davranışsal Ekonomi","Davranışsal ekonomi, rasyonel insan varsayımının geçerli olmadığı durumları dikkate alarak normal insan davranışlarını anlamak için psikolojiyi de işin içine katan bir ekonomi yaklaşımıdır."
"Deflasyon","Deflasyon, fiyatlar genel düzeyinde sürekli düşüş halidir. Bu durumda paranın satın alma gücü yükselir. Süreklilik gösterecek şekilde tüm malların fiyatlarının düşmesi gerekir."
"Değer Çelişkisi","Su ve elmas örneğinde olduğu gibi, bir malın fiyatını, ne kadar yararlı olduğu değil, ne kadar az ya da çok bulunur olduğu belirler. Su bol, elmas ise kıttır."
"Değişken","Farklı değerler alabilen bir büyüklüktür. Ekonomide fiyat gibi değişkenler, içsel ya da bağımsız değişken olarak tanımlanabilir."
"Depo","Türk lirası depo borç alma ve borç verme imkânı, Merkez Bankasının belirli vadeler için ilan ettiği faiz oranlarından sağladığı mevduat imkânıdır."
"Depresyon","Bir ekonomide ekonomik faaliyetlerin uzun süreli olarak aşağı yönlü olmasıdır. Resesyon ile depresyon arasındaki fark, süre ve büyüklük açısından belirlenir."
"Deregülasyon","Devlet kısıtlamalarının azaltılması veya kaldırılmasına deregülasyon denir. Daha az sayıda hukuki düzenlemenin üretimde verimliliği artıracağı savunulmaktadır."
"Devalüasyon","Bir ülkenin ulusal parasının yabancı ülkelerin ulusal paraları karşısında değişim değerinin idari bir kararla düşürülmesi eylemine devalüasyon denir. Devalüasyon sabit kur rejiminde uygulanan bir karardır. Dalgalı kur rejiminde oaranın değeri piyasada her gün değişir."
"Dışticaret Dengesi","Bir ülkenin yurtdışından döviz ödeyerek ithal ettiği mallar için yaptığı döviz ödemeleriyle yurtdışına döviz karşılığı sattığı mallardan elde ettiği döviz gelirleri arasındaki farka dışticaret dengesi denir. Dışticaret dengesi = Mal ihracatı gelirleri – mal ithalatı giderleri."
"DİBS (Devlet İç Borçlanma Senetleri)","Hazinenin bir yıl ve daha uzun vadeli iç borçlanmada kullandığı senetlere Devlet Tahvili, bir yıldan kısa vadeli iç borçlanmalarda kullandığı senetlere ise Hazine Bonosu adı veriliyor. Her iki borçlanma senedine ortaklaşa olarak Devlet İç Borçlanma Senetleri deniyor ve DİBS kısaltmasıyla gösteriliyor. DİBS’ler, Hazine’nin yaptığı borçlanmanın vade yapısına göre farklılık gösterir."
"Disponibilite","Merkez Bankası’nın bankaların kabul ettiği mevduata karşılık kasalarında tutulmasını zorunlu kıldığı parasal karşılıklardır. Ankes zorunlu olmadığı halde disponibilite zorunludur."
"Doğal işsizlik oranı","Milton Friedman, geçici ve yapısal işsizlik biçiminde ortaya çıkan işsizliği ‘doğal işsizlik’ ve bunun oranına da ‘doğal işsizlik oranı’ adını veriyor. Bu tür hesaplamalar genellikle uzun yıllar ortalaması alınarak yapılır."
"Doğrudan Alım","Genellikle piyasada kalıcı likidite sıkışıklığı olduğunda kullanılan doğrudan alım işlemleri, Merkez Bankası tarafından tedavülde bulunan kıymetlerin, işlem tarihinde belirlenmiş fiyat üzerinden satın alınması işlemidir."
"Doğrudan Satım","Genellikle piyasada kalıcı likidite fazlası olan durumlarda kullanılan doğrudan satım işlemleri, Merkez Bankası tarafından mevcut kıymetlerin, işlem tarihinde belirlenmiş fiyat üzerinden satılması işlemidir."
"Doğrudan Sermaye Yatırımı","Doğrudan yabancı sermaye yatırımı; yatırımcının yerleşik olduğu ekonomi dışındaki bir ekonomide bir işletmenin yönetimini kontrol ettiği veya yönetiminde söz sahibi olduğu uzun vadeli bir yatırım şeklidir."
"Dolar Endeksi","ABD Dolar Endeksi, Amerikan dolarının 6 büyük para biriminin oluşturduğu döviz sepetine karşı değerini ölçen bir endekstir. DXY kısaltmasıyla ifade edilir."
"Dolarizasyon","Bir ülkede yerli para dışında yabancı paraların da günlük alış verişlerde yaygın biçimde kullanılmasına dolarizasyon adı veriliyor."
"Dördüncü Madde Konsültasyonu","IMF'nin anasözleşmesinin dördüncü maddesi gereğince üye ülkelerde yılda bir kez gerçekleştirdiği ekonomik inceleme ve değerlendirme sürecidir."
"Dördüncü Sanayi Devrimi","Dünya artık robotların üretime gireceği bir aşamaya geçmeye hazırlanıyor. Bu yeni düzene de 4. Sanayi Devrimi adı veriliyor."
"Döviz ve Döviz Kuru Nedir ve Nasıl Belirlenir?","Döviz, yabancı ülke paralarına verilen genel addır. Döviz kuru, bir ülkenin parasının yabancı paralar karşısındaki değerini belirleyen katsayıdır."
"Döviz Depo İşlemleri","Döviz depo işlemleri, geçici döviz likiditesi ihtiyacı olan bankalar ile fazlası olan bankalar arasında Merkez Bankası garantörlüğünde yapılan işlemlerdir."
"Dünya Bankası (The World Bank, IBRD)","Dünya Bankası, üye ülkelerin gelişme projelerini finanse eden Birleşmiş Milletler'in özerk kuruluşlarından biridir."
"Ekonomide Isınma","Ekonominin ısınması, GSYH büyümesinin potansiyel büyümenin ötesine geçmesi anlamına gelir."
"Ekonomide Büyüme ve Fiyatlar İlişkisi","Ekonomiler büyüme ve enflasyonla ilişkilerine göre dörde ayrılır: enflasyonsuz büyüme, enflasyonlu büyüme, stagflasyon, slumpflasyon."
"Ekonomik Safsata","Bir düşünceyi ortaya koyarken ya da anlamaya çalışırken yapılan yanlış çıkarsamaya dayalı olarak ortaya atılan düşünceye safsata adı veriliyor. Bir başka tanımlamaya göre safsata, ilk bakışta geçerli gibi görünmekle birlikte yakından incelendiğinde doğru olmadığı ortaya çıkabilen iddialardır. Safsataların en yaygın olduğu alanların başında ekonomi geliyor. Henry Hazlitt bu durumu “Ekonomi, bütün diğer bilimlerden daha fazla safsatanın etkisi altındadır” sözüyle özetliyor. Bazen safsatalar öylesine mantıklı görünür ki insan sorup soruşturmadan arkasına takılır gider. Soruşturmayı çoğu kez gerekli görmeyiz çünkü böyle bir safsatayı uydurmanın kimseye bir yararı olmadığı gibi bir nedeni de yoktur. Sherlock Holmes’e göre: “Çözülmesi en zor suçlar, nedensiz işlenen suçlardır.”"
"Ekonometri","Ekonometri, ekonomik verileri, ekonomideki ilişkileri, matematik, istatistik ve bilgisayar bilimi aracılığıyla deneysel bir biçimde değerlendirerek, inceleyen bilim dalıdır. Günümüzde daha güçlü bilgisayar yazılımların varlığıyla ekonometrik analizlerin gücü artmıştır. Kelime kökeni olarak 'ekonomik ölçüm' anlamına gelmektedir. Matematiksel İktisat, İstatistik ve Ekonomi Teorisi'nin bir birleşiminden oluşur. Ekonomik teorinin deneysel analizle sınanmasını mümkün kılar. Örneğin talep eğrisinin ekonomi Teorisinin öngördüğü gibi aşağı doğru eğimli (negatif eğimli) olup olmadığı ekonometrik yöntemlerle test edilir. Ekonomi Teorisi eğim katsayısının kesin değeri hakkında bir yorumda bulunmazken, Ekonometri ile eğim katsayısının değeri kestirilmeye çalışılır. Talep eğrisi örneğinde bir malın fiyatında meydana gelen bir birimlik artışın, talep miktarında herhangi bir azalmaya yol açıp açmadığı, azalma oluyorsa belli bir aralıkta yaklaşık olarak ne kadar bir azalmayı beraberinde getirdiği ekonometri ile ölçülür. Ekonometrinin en çok kullanılan yöntemi regresyon analizidir."
"Emperyalizm","Emperyalizm; bir devletin, başka devlet veya uluslar üzerinde kendi çıkarları doğrultusunda etkide bulunmaya yönelik faaliyetleridir. Emperyalist devlet, etkisi altına aldığı devletin kaynaklarından yararlanmaya başlar. Emperyalizm kavramı 1870'lerde İngiltere’de ortaya çıkmıştır. Emperyalizmi tanımlamak için kullanılan ölçüler şunlardır: Bir ülkenin topraklarını başka bir ülke aleyhine genişletmesi, bir devletin başka bir devleti vergiye bağlaması, bir devletin başka bir devletin topraklarındaki kaynaklardan yararlanması, bir devletin başka bir devletin halkına kendi kültürünü yayması. Görüleceği üzere emperyalizm, ekonomik sonuçların ötesinde sonuçları da olan bir faaliyetler toplamıdır. 1900’lerde Lenin, emperyalizmi kapitalizmin en yüksek aşaması olarak tanımlayarak basit sömürgecilik yerine ekonomik nüfuzun daha karmaşık şekillerine dikkat çekmiş, pazarların, arz kaynaklarının ve yatırım yollarının egemenlik altına alınması ile ilgilenmiştir. Günümüzde emperyalizm, bir devletin başka devletlerin topraklarını ele geçirmesinden çok, başka devletlerin ekonomilerinde ve kültürel yaşamlarında egemen olması şeklinde anlaşılmaktadır."
"Emtia ve Emtia Piyasası","Arapça kökenli bir sözcük olan emtia, mal anlamına gelen meta sözcüğünün çoğul halidir. Bununla birlikte Türkçede hem tekil hem de çoğul anlamında emtia sözcüğü kullanılır olmuştur. Emtia; alım ve satıma yani ticarete konu olan bütün mallara verilen ortak isimdir. Altın, petrol, bakır gibi doğal maddeler, buğday, mısır, arpa gibi gıda ürünleri, metaller ve mineraller ile kendinden başka bir ürünün yapımında kullanılan hammaddelerin oluşturduğu mallara verilen isimdir. Emtia ticaretinin gerçekleştiği piyasaya 'Emtia Borsası' denir. Emtia borsaları belirli emtiaların alım satımında uzmanlaşabileceği gibi daha genel borsalar olarak da örgütlenebilmektedir."
"Enflasyon","Enflasyon, fiyatlar genel düzeyinin sürekli olarak artış göstermesi demektir. Bu tanıma göre enflasyondan söz edebilmek için iki önemli unsur gerekiyor: (1) Fiyatların değil fiyatlar genel düzeyinin artması gerekiyor. (2) Bu artışın sürekli olması gerekiyor. Diyelim ki bir ay içinde domatesin, biberin ve beyaz peynirin fiyatları arttı. Bu artış enflasyon değil fiyat artışıdır. Bunun enflasyon olarak tanımlanabilmesi için içinde bulunduğu sepetin toplamında bir artış olması gerekir. Diyelim ki sepetimizde her birine eşit ağırlık verdiğimiz 100 çeşit mal var. Bu malların yarısının fiyatı artmış yarısının fiyatı düşmüş ve sonuçta sepete ödediğimiz para bir önceki aya göre değişmemişse enflasyondan söz edemeyiz. Olsa olsa bazı malların fiyatlarının arttığından bazılarının düştüğünden söz edebiliriz. Diyelim ki sepetimizdeki malların fiyatları toplam olarak o ay içinde bir önceki aya göre yüzde 10 arttı ve bu artış sonraki aylarda devam etmeyerek o düzeyde kaldı. Buna da enflasyon diyemeyiz bu da sadece fiyat artışıdır çünkü sürekliliği yoktur."
"Enflasyon Vergisi","Para, parayı basan açısından yükümlülük, elinde tutanlar açısından varlıktır. Enflasyon, paranın satın alma gücünü düşürdüğü için parayı ihraç eden devletin yükümlülüğünü, parayı elde tutanların ise varlığını reel olarak azaltır. Bu anlamı ile enflasyon, gelir elde eden açısından vergi özelliği taşımakta, dolayısıyla vergi gibi satın alma gücünün devlete transferine neden olmaktadır. Özetle söylemek gerekirse enflasyon vergisi, elinde para bulunduranların fiyatlardaki artıştan dolayı satın alma güçlerinin, devlet açısından ise borç vb gibi yükümlülüklerinin azalması demektir. Düşük gelirli kesim parayı faiz ve benzeri finansal araçlara yatıramayıp yalnızca harcamalarında kullandığından dolayı enflasyondan doğrudan etkilenir. Oysa yüksek gelirli kesimin elindeki para enflasyona paralel olarak finansal araçların nominal getirisinin artmasıyla değerini korur. Fiyatları doğru belirleyemeyenler enflasyon vergisine maruz kalır. Örneğin, iş sözleşmesi yapan bir işçi belli bir aylık ücret üzerinden işverenle anlaşır bu anlaşma sırasında gelecekteki enflasyonu da dikkate alır. Enflasyon beklenenden yüksek olursa enflasyonu yanlış fiyatladığı için enflasyon vergisine maruz kalır."
"Erteleme ve Yeniden Finansman","Tahkim ve değiştirme İşlemlerinin yanında borç ertelemesi deyimi de yaygın bir şekilde kullanılmaktadır. Gerçekte bu deyim geniş ölçüde tahkim ile aynı anlama gelmekte ve fakat bazen değiştirmeyi de kapsayacak şekilde faiz indirimine de yol açabilecek şekilde uygulanmaktadır. Özellikle Güney Amerika ülkelerinin, borçlarını ödeyememek sorunuyla karşılaştıkları dönemlerde bu ikili yapıyı taşıyan erteleme uygulamaları yapılmıştır. Burada amaç, mevcut haliyle tahsili zorlaşan bir alacağı vade uzatımı ve faiz indirimi yaparak ödenebilir şekle getirmektir. Yeniden finansman borç ertelemesinin özel bir şekli olup, süresi dolan bir borcun bir başka kredi ile değiştirilmesidir. Genellikle, alınan yeni kredi daha düşük faizli olacağı ve borç yükünü hafifleteceği için bu işleme başvurulur. Erteleme ile yeniden finansman arasında az da olsa fark vardır. Ertelemede süresi gelen borcu vadesinin ileriye alınması, yeniden finansmanda eski borcun tümüyle kapatılıp yeni bir krediyle değiştirilmesi söz konusudur."
"Esneklik (Elasticity)","Herhangibir denklemde bağımlı değişkenin bağımsız değişkendeki bir değişikliğe karşı verdiği tepkiyi ölçmeye yarayan birime esneklik denir."
"Euro","Euro bölgesine katılan Avrupa Birliği üyesi ülkelerin ortak para birimidir. 1 Ocak 1999 tarihinde ilk olarak dolanıma çıkarılmıştır. Madeni para birimi cent adını taşımaktadır."
"Euro Bölgesi (Euro Zone)","Maastricht kriterlerine tabi olan ve ortak para birimi Euro'yu kullanan Avrupa Birliği üyesi ülkelerin oluşturduğu bölgenin adıdır."
"Faiz Nedir? Nasıl Belirlenir?","Piyasa açısından bakarsak faizi, tasarruf sahibinin, tasarrufunu, ihtiyacı olana belirli süre için kullandırmasının karşılığı olarak aldığı bedel olarak tanımlayabiliriz. Ekonomi bilimi açısından faiz iki farklı biçimde tanımlanır: (1) Bir borç anlaşmasının satışı sonrasında elde edilen getirisi. (2) Üretim amaçlı olarak kullanılan sermayenin getirisi. Türkiye’de bankaların uyguladığı mevduat ve kredi faizleri bankalar tarafından serbestçe belirleniyor. Buna karşılık bankalar bu belirlemede TCMB’nin faiz kararlarından ve zorunlu karşılıklar uygulamalarından etkileniyorlar. TCMB, kendi uyguladığı faizleri Para Politikası Kurulu kararıyla belirliyor. Hazine’nin yaptığı iç borçlanmada ihraç ettiği DİBS’lerin faizleri ise bunların satışa çıkarıldığı ihalelerde ya da endekslendiği değerlerin faizlerine veya endeks değerlerine göre belirleniyor."
"Faiz Dışı Denge (Primary Budget Balance)","Faizler hariç tutularak bakılan dengeye de faiz dışı bütçe dengesi deniyor. Bunu şöyle formüle edebiliriz: Faiz dışı denge = Bütçe gelirleri – faiz dışı giderler. Faiz dışı dengenin önemi büyüktür. Bu dengeye bakmanın amacı şu soruyu yanıtlamaktır: Eğer faiz ödemesi olmasaydı bütçe açık mı verirdi fazla mı? Bunun için bütçe gelirlerinden faiz dışında kalan giderleri düşerek bir denge buluruz. Bu denge açık veriyorsa bütçe, faiz ödemeleri olmasa bile açık veriyor demektir ki o zaman ya gelirleri artırmak ya da giderleri kısmak için önlem almak gerekir. Eğer faiz dışı fazla söz konusuysa o zaman bütçe gelirleri faiz dışı giderleri karşılayabilmekte ve faiz ödemeleri için de bir miktar fazla elde edebilmektedir. Yani borçlanma ihtiyacı en azından o faiz dışı fazla miktarı kadar düşüyor demektir. Faiz dışı dengede üç durumdan birisi karşımıza çıkar: Eğer bütçe gelirleri = faiz dışı giderler ise faiz dışı denklik söz konusudur. Eğer bütçe gelirleri > faiz dışı giderler ise faiz dışı fazla vardır. Eğer bütçe gelirleri < faiz dışı giderler ise faiz dışı denge açık veriyor demektir."
"Faktoring","Faktoring; yurt içi ve yurt dışı piyasalar için mal ve hizmet satımı faaliyetinde bulunan firmaların mal ve hizmet satışından doğmuş veya doğacak kısa süreli ticari alacak hakkını devretmesi karşılığında likit fon elde etmesi işlemidir. Bunun yanı sıra, firmalara vadeli satış bedellerini vadesinden önce tahsil etme imkânı sağlayan finans kuruluşlarına da ‘faktoring’ kuruluşları denilmektedir. Bu firmalar, vadeli satış yapmış şirketlerin fatura edilmiş alacaklarını peşin, fakat iskontolu olarak satın alırlar ve vadesi geldiğinde alacağı kendileri tahsil ederler. Bir örnekle açıklayalım. A Şirketinin B şirketinden 2 yıl sonra 100 bin lira senetli alacağı olduğunu düşünelim. A Şirketi bu alacağını erken tahsil etmek için bir miktar iskontoya razı olmakta ve senedi Faktoring Şirketine mesela 75 bin liraya devretmiş olsun. Bu durumda Faktoring Şirketi, 2 yıl sonunda B Şirketinden 100 bin lira tahsil etmek için bugün A şirketine 75 bin lira ödemiş olmaktadır."
"Fayda (yarar)","Mal ya da hizmetlerin ihtiyaçları giderebilme derecesine fayda denir. Su, faydalı bir maldır çünkü insanın susuzluğunu yani su içmeye duyduğu ihtiyacı giderir. İnsan yaşamı su içmeden sürdürülemediği için suyun faydası büyüktür. Buna karşılık her gün su içen bir kişi bir bardak sudan sağladığı faydanın farkında olmasa da iki gün su içmediği takdirde içtiği bir bardak suyun faydasının ne kadar yüksek olduğunu anlar. Bu anlamda fayda zamana ve duruma göre değişiklik gösteren göreli bir kavramdır. Ekonomi teorisinde faydanın ölçülebilir olup olmadığı konusunda iki yaklaşım vardır. Ordinal fayda yaklaşımına göre fayda sayısal olarak ölçülemez. Fayda ancak en çok, çok, daha çok, daha az gibi ya da birinci derecede ikinci derecede gibi ordinal anlamda bir sıralamaya tabi tutulabilir. Kardinal fayda yaklaşımına göre fayda sayısal olarak ölçülebilir. Uygulamadaki ölçme zorlukları nedeniyle ordinal fayda yaklaşımı daha çok taraftar bulmaktadır."
"Finans","Finans; ihtiyaç duyulan kaynakların uygun koşullarla sağlanması ve etkin bir şekilde kullanılmasıyla ilgili faaliyetlere verilen genel addır. Finansı şöyle de tanımlayabiliriz; kişilerin veya kurumların maddi gelir elde etmeleri, yatırım yapmaları ve zaman içinde bu yatırımları değerlendirmeleridir. Bu faaliyetlere ilişkin disiplinin adı da finans bilimidir. Finans biliminin uğraşı alanı başlıca üç dala ayrılır: Bireysel finans bir kişinin ya da ailenin bütçe, sigorta, tasarruf, yatırım, kredi, tüketim harcamaları gibi konularda alacakları ve uygulayacakları kararlarla ilgilenir. Kişinin ya da ailenin sınırlı kaynakla en doğru kararları almasını ve onları belirsizlik ve risklerden korumaya sağlamayı amaçlar. İşletme finansı ya da finansal yönetimin amacı bir işletmenin aktiviteleri için fon sağlamaktır. Finansal yönetim genellikle karlılık ve riskin dengelenmesini gerektirirken, işletmenin kazancını ve değerini en yükseğe taşımaya çalışır. Kamu maliyesi; devlet ve kamu kuruluşlarının ihtiyaçlarını karşılamak üzere yapılan harcamaları ve gerekli gelirleri inceler, dengelemeye çalışır."
"Finansal İstikrar Kurulu (Financial Stability Board)","2009 yılında G 20 tarafından kurulmuş bir kuruldur. Ulusal kuralları ve uygulamaları koordine ederek bunları uluslararası standartlar haline getirmeye yönelik çalışmaları yapmakla görevlidir."
"Fiyat","Bir mal ya da hizmetin değiş tokuş değerine fiyat denir."
"Fiyat teorisi","Ekonomi teorisinin mal ve hizmetlerin fiyatlarının nasıl oluştuğunu analiz eden dalına fiyat teorisi deniyor."
"Fizibilite","Fizibilite; bir yatırımın yapılabilir olup olmadığına ilişkin bir araştırmadır. Yatırım kararlarının öncesinde bir durum değerlendirmesi yapılır ve bu değerlendirmeye göre o yatırımın kazançlı olup olmayacağına ve dolayısıyla yapılıp yapılmayacağına karar verilir. Öyle bir çalışma sonucunda hazırlanan rapora da fizibilite etüdü denir. Değerlendirme sonucunda karlı bulunan yatırımlar için fizibil yani yapılabilir denilir. Fizibilite çalışması yeni bir yatırım kararı için yapılabileceği gibi, mevcut tesislerin genişletilmesi, yenilenmesi maksadıyla da yapılabilir. Bir fizibilite çalışmasında esas itibariyle beş ana konuda bilgiler toplanıp bir değerleme yapılmaya çalışılır. (1) Piyasa incelemesi, (2) Kuruluş yeri incelemesi, (3) Mali inceleme, (4) Teknolojik inceleme, (5) Hukuki inceleme. İnceleme sonucunda bu beş ana daldaki bulgular bu yatırımın yapılabilir olduğu sonucuna ulaşılıyorsa fizibilite raporu yatırımın fizibil olduğu bulgusuyla sonuçlandırılır."
"Forex ve Forex Piyasası Nedir?","Forex ya da Fx İngilizce Foreign Exchange sözcüklerinden türetilmiş bir kısaltmadır. Foreign Exchange (ya da fx) günümüzde büyük ölçüde döviz ya da yabancı para birimi anlamında kullanılsa da aynı köklerden gelen Forex kısaltması bir ulusal para ile bir başka ulusal paranın değiştirilme işlemi için kullanılıyor. Bu işlemlerin yapıldığı yere Forex Piyasası, bu işlemi yapan kuruluşlara da Forex Kuruluşu adı veriliyor. Forex işleminin ayırt edici özelliklerinden birisi düşük miktarlı sermaye ile yüksek miktarlı işlem yapabilmeye olanak sağlayan ve adına kaldıraç kullanımı denilen sistemin varlığıdır. Önceleri döviz piyasasında başlamış olan Forex işlemleri bugün dövizin yanı sıra altın, gümüş, petrol, pamuk gibi emtialar, hisse senetleri, uluslararası endeksler üzerinde de yapılıyor."
"Forward İşlemi","Sözleşmeye konu olan bir işlemde (bu bir para piyasası işlemi olabilir) vade, faiz ve miktar gibi unsurlar üzerinde bugünden anlaşılan, ancak ileri bir tarihte başlayacak ve daha ileri bir tarihte sona erecek işlemleri ifade etmektedir. Asıl varlık fiyatındaki dalgalanmalardan korunmak isteyen ya da ondaki değişimlerden kâr elde etmek isteyen yatırımcıların kullanabileceği bir üründür."
"FTSE 100 Endeksi","Londra Borsası'nda piyasa değeri en yüksek 100 şirketin hisse senetlerinin yer aldığı endeksin adıdır. Financial Times gazetesi ve Londra Borsası tarafından ortaklaşa yürütülmektedir."
"Future İşlemi","Standart miktar ve kalitede bir varlığın önceden belirlenmiş bir fiyattan gelecekte belirli bir tarihte teslim etme ya da teslim almaya ilişkin bir sözleşmedir. Vadeleri standarttır ve organize borsalarda işlem görmektedirler."
"G-8","Ekonomik açıdan dünyanın en zengin 7 ülkesinin, küresel sistemin ekonomik ve parasal sorunlarını görüşmek ve bu konularda işbirliği gerçekleştirmek amacıyla oluşturdukları gurubun adıdır. Bu grubun üyeleri ABD, Japonya, Almanya, İngiltere, Fransa, İtalya, Kanada ve Rusya’dır. İlk kez G-6 adı altında 6 üye ile 1975 yılında toplanmış, 1976 yılında Kanada katılınca adı G-7 olmuş ve 1997 yılında Rusya’nın da gruba girmesiyle adı G-8’e dönüşmüştür. Bu 8 ülkenin Ekonomi Bakanları ve sonra da liderleri yılda bir veya iki kez bir araya gelerek küresel sistemin ekonomik ve parasal sorunları hakkında görüş alışverişinde bulunurlar ve izlenecek ortak politikalar için altyapı oluşturmaya çalışırlar. Her ne kadar burada oluşturulan politikalar bu devletleri bağlar gibi görünse de bu ekonomiler küresel sistemin ekonomik gücünün beşte ikisini oluşturduğu için küresel sistemin tümünü etkileyecek ağırlıktadır."
"G-20","Dünyanın 20 büyük ekonomisinin bir araya geldiği gruba G 20 (Group of Twenty) adı veriliyor. Bu grupta 19 büyük ülkenin ekonomiden sorumlu bakanları ya da maliye bakanlarıyla Merkez Bankası Başkanları ve Avrupa Birliği Avrupa Konseyi Başkanı ve Avrupa Merkez Bankası Başkanı bulunuyor. G-8 Maliye Bakanlarının Washington’da 25 Eylül 1999 tarihindeki toplantısında kuruluşu açıklanmıştır. Yılın belli zamanlarında Bakanlar ve Merkez Bankası Başkanları düzeyinde toplanmakta ve bu düzeyde belirlenen konular hakkında karar alınmasını sağlamak üzere de yılın belli zamanlarında bu ülkelerin Devlet Başkanları düzeyinde bir araya gelmektedir. G-20 grubunun üyeleri şunlardır: ABD, Çin, Japonya, Almanya, Fransa, İngiltere, İtalya, Kanada, Rusya, Hindistan, Arjantin, Türkiye, Brezilya, Meksika, Güney Afrika, Suudi Arabistan, Kore, Avustralya, Endonezya, Avrupa Birliği Dönem Başkanı ve Avrupa Birliği Merkez Bankası Başkanı. G-20 toplantılarında alınan kararlar küresel sistemin onda dokuzunu oluşturan ülkelerce alınmış sayıldığı için sisteme yön verici nitelik taşır. Dolayısıyla bu kararlar ülkelerin izleyeceği ekonomi politikası açısından yön gösterici olur."
"Geç Likidite Penceresi","Geç likidite penceresi; Merkez Bankasının 'borç veren son merci' fonksiyonu çerçevesinde, bünyesinde faaliyet gösteren Bankalararası Para Piyasası'nda bankalara TL depo borç verme ve bankalardan TL depo borç alma işlemidir. Geç likidite penceresinde işlemler gecelik vadede ve 16 ile 17 saatleri arasında, zorunlu karşılıkların tesis süresinin son iş gününde ise 16 ile 17.15 saatleri arasında gerçekleştirilir. Geç likidite penceresinden faydalanmak isteyen bankalar teminatları karşılığında limitsiz olarak, Merkez Bankası kotasyonlarından Merkez Bankasına TL depo borç verebilmekte veya TL depo borç alabilmektedirler."
"Gelir ve Kullanımı (Tüketim ve Tasarruf)","Gelir (Y) iki şekilde kullanılır: Tüketim (C) ve tasarruf (S). Bunu şu basit denklemle gösterebiliriz: Y = C + S. Tüketim, gelirin bir fonksiyonudur. Yani tüketim gelire bağlı olarak hareket eder. Bunu da şöyle bir fonksiyonel ilişki ile gösterebiliriz: C = c (Y). Bu fonksiyonel ilişki aynı yönlü bir ilişkiyi gösterir. Yani gelir arttıkça tüketim de artar. Ne var ki artış oranı her zaman aynı olmayabilir. Yani gelir % 10 artarken tüketim % 10 artabileceği gibi % 10’un üzerimde ya da altında bir oranla da artabilir. Tüketimin artış oranı gelir sahibinin elde ettiği gelirin düzeyine, kişinin durumuna ve enflasyona bağlıdır. Düşük gelir düzeylerinde tüketim harcamaları gelirin neredeyse tamamını kapsar ve tasarrufa para ayrılamaz. Gelir yükseldikçe tüketimin gelir içindeki payında azalma olur. Aylık geliri 1.000 TL olan bir kişi gelirinin tamamını tüketime harcar ve hiç tasarruf yapamazken aylık geliri 10.000 TL olan kişi bunun 6.000 TL’sini tüketime 4.000 TL’sini tasarrufa ayırıyor olabilir. Bu durumda ilk kişinin tüketiminin geliri içindeki oranı % 100 iken ikinci kişinin tüketiminin gelirine oranı % 60’dır. Tasarruf, gelirin ve faiz oranının bir fonksiyonudur. Yani kişinin geliri arttıkça tasarruf oranı artacağı gibi faiz oranlarındaki artış da tasarruf oranının artmasında etkili olur. Bu fonksiyonel ilişkiyi şöyle gösterebiliriz: S = s (Y, i). Bu fonksiyonel ilişki de aynı yönlü bir ilişkiyi gösterir. Yani gelir artarken tasarruf da artar. Yüksek faiz oranı ise tasarruf etmek için bir teşvik görevi görür ve bunu da daha fazla tasarrufla neticelenir."
"Gelişen Ülkeler (Emerging Markets)","Gelişen ülkeler ya da İngilizce tabiriyle emerging markets, büyüme potansiyeli yüksek olan ve yüksek büyüme oranlarına sahip olan ülkeleri ifade eder. Bu ülkeler için finansal piyasalarda bu tür ülkelerdeki yatırımcıların karşılaşabileceği riskler ve bu risklerin büyüme potansiyeliyle ters orantılı olduğu şeklinde bir genel görüş vardır."
"Gelişmiş Ülkeler","Ekonomik olarak gelişmiş ülkeler, kişi başına düşen geliri yüksek olan ve bu gelir düzeyi ile birlikte birçok sosyal göstergesi de yüksek olan ülkelerdir. İnsana dair birçok temel ihtiyacın karşılanması açısından gelişmiş ülkeler sınıfına girebilir. Sağlık, eğitim, sosyal güvenlik, ulaşım, altyapı gibi birçok konuda dünya standartlarını yakalamış ülkeler gelişmiş ülkeler sınıfına girmektedir. Gelişmiş ülkelerin çoğu Avrupa, Kuzey Amerika, Avustralya ve Asya'nın bazı kesimlerinde yer almaktadır."
"Gelişmiş Pazar (Developed Market)","Gelişmiş ülkelerde yer alan ve sıklıkla gelişmiş finansal piyasalara ve etkin bir işlem yapma ortamına sahip olan piyasalardır. Gelişmiş pazar, hisse senedi, tahvil ve diğer yatırım araçları için yüksek likidite ve büyük ölçekte işlem yapma imkânı sunmaktadır."
"Gelişen Pazar (Emerging Market)","Daha fazla büyüme potansiyeli olan ve bu nedenle daha fazla risk taşıyan, hisse senedi ve tahvil piyasaları için yüksek büyüme oranlarına sahip ülkelerdir. Yatırımcılar, bu tür piyasalarda daha fazla risk alarak daha yüksek kazanç elde etme potansiyeline sahiptirler."
"Globalizasyon (Küreselleşme)","Küreselleşme; ülkeler arası ekonomik, kültürel ve siyasi etkileşimlerin artmasıyla birlikte dünya genelinde entegre olma sürecidir. Küreselleşme sonucunda dünya ekonomisi tek bir bütün haline gelmektedir. Bu süreç, sermayenin, malların, hizmetlerin, bilgilerin ve insanların daha serbest bir şekilde hareket etmelerine olanak tanır."
"Girişim Sermayesi (Venture Capital)","Girişim sermayesi; yeni kurulmuş veya büyümekte olan girişimlerin finansmanını sağlamak amacıyla yapılan yatırımdır. Bu tür yatırımlar genellikle yüksek risk taşır, ancak başarı durumunda yüksek getiri sağlama potansiyeli de vardır."
"Gişe Faiz Oranı","Gişe faiz oranı, Merkez Bankası'nın banka ve finansal kurumlara yaptığı kısa vadeli kredi verme işlemlerinde uyguladığı faiz oranıdır. Gişe faiz oranı, Merkez Bankası'nın para politikası uygulamalarının bir göstergesi olarak önemli bir role sahiptir."
"Girişimci (Entrepreneur)","Yeni iş kurmak veya mevcut bir işin büyütmek için risk alarak çalışan kişidir. Girişimciler, yenilikçi fikirleri hayata geçirmek ve piyasalarda rekabet avantajı elde etmek amacıyla girişimde bulunurlar."
"GlobaL Yatırımcı","Dünyada hisse senedi, tahvil gibi yatırım araçları üzerinden yapılan yatırımlarda, yatırımcıların farklı ülke ve piyasalara yönelerek portföylerini çeşitlendirmesi anlamına gelir. Global yatırımcılar, global ölçekte fırsatları değerlendirmeyi hedefler."
"Herfindahl - Hirshman Endeksi","Piyasa yoğunlaşmasını gösteren bir endekstir. Piyasadaki firmaların piyasa paylarının karesi alınır ve bunlar toplanarak bir değere ulaşılır. Ulaşılan bu değer sıfıra yaklaştıkça piyasada yoğunlaşma azalıyor, sıfırdan uzaklaştıkça yoğunlaşma artıyor demektir."
"Heterodoks Ekonomik Yaklaşım","Heterodoks sözcüğü ekonomideki kullanımı itibariyle 'ana akımdan farklılaşmış, sapmış teori ve uygulamalar' anlamını taşıyor. Heterodox Yunanca'dan gelme bir sözcük. Sözcüğün temelini oluşturan iki parçadan heteros farklı, doxa ise öğreti anlamını taşıyor."
"IMF","IMF (Uluslararası Para Fonu), üye ülkelerin karşılaştıkları veya karşılaşma olasılığı içinde bulundukları ödemeler dengesi sorunlarını aşabilmeleri için onlara bir program çerçevesinde destek sağlamak üzere kurulmuş uluslararası bir kurumdur. 2016 sonu itibariyle IMF’nin 189 üyesi vardır. Bu 189 ülke, ekonomisinin gücüne uygun biçimde IMF’ye kota adı altında bir sermaye katkısında bulunur. SDR (özel çekme hakları)"
"İhracat Reeskont Kredisi","Reeskont işlemleri Merkez Bankası Kanununun 45. Maddesindeki düzenlemelere dayanılarak yürütülmektedir. Firmalar tarafından döviz üzerinden düzenlenmiş ve belirli koşulları taşıyan senetler, bankalara kırdırılarak iskonto ettirilmekte ve karşılığında kredi kullanılmaktadır. Bankalar da bu senetleri ikinci kez kırdırmak üzere Merkez Bankasına getirmekte ve karşılığında ihracat reeskont kredisi alarak bu kredileri ihracatçı firmalara yöneltmektedirler. İhracat reeskont kredileri senette belirtilen döviz tutarının, kredinin kullandırıldığı tarihte ilan edilen kurdan Türk lirası karşılığının bankalar aracılığıyla firmalara ödenmesi suretiyle kullandırılmaktadır. Kredilerin vadesinde geri ödemesi ise döviz olarak gerçekleştiğinden bu tutarlar Merkez Bankası’nın döviz rezervlerine eklenmekte ve bu rezervleri güçlendirmeye yaramaktadır."
"İkarus Çelişkisi","Kral Minos tarafından bir labirente hapsedilen Daedalus buradan uçarak kaçabilmek için kendisi ve oğlu İkarus’a balmumu ve kuştüyü karışımından kanatlar yapar. Kendisi kanatları takıp uçarak kaçmadan önce oğlu İkarus’a gökyüzüne fazla yükselmemesi ve güneşe yaklaşmamasını öğütler. İkarus, babasının ardından kanatlarını takarak uçmaya başlar ve labirentten çıkar. Ne var ki uzun süre hapis kalan İkarus uçmanın ve gökyüzünde yükselmenin tadına doyamaz. Uçtukça kendine güveni artar ve babasının öğütlerini unutarak güneşe doğru yükselir. Güneşin sıcaklığı, kanatlarındaki balmumunu eritince de denize düşer ve boğulur. Danny Miller 1990 tarihli İcarus Paradox adlı kitabında bu efsaneyi iş dünyasına uyarlar. Miller’a göre çoğu şirket, belirli bir başarıya ulaştıktan sonra bu başarı verdiği aşırı güvenle şirket yapısının karmaşıklıklaşması, maliyetlerin artması, rakiplerin stratejilerini küçük görme gibi yollara kolayca girerler. Bu tür yollara girdiklerinde de genellikle denetimi elden kaçırırlar ve sonuçta çöküşe kadar giderler."
"İmkânsız Üçleme (Impossible Trinity)","Ekonomideki imkânsız üçleme ya da üçlü açmaz (impossible trinity ya da trilemma) hipotezine göre; sermaye hareketlerinin serbestliği, sabit döviz kuru ve bağımsız bir para politikası uygulaması aynı anda var olamaz. Eğer bir ekonomide sermaye hareketleri serbestse ve sabit döviz kuru rejimi uygulanıyorsa o zaman bağımsız para politikası uygulamak mümkün değildir. Bu durumda para politikası sermaye hareketleri ve döviz kurundaki eğilimlere göre biçimlenecektir. Eğer bir ekonomide sermaye hareketleri denetim altında ise sabit döviz kuru rejimi uygulanabileceği gibi bağımsız para politikası da uygulanabilir."
"İşletme","İşletme iki anlama gelir: (1) Mal ve hizmet üretiminin gerçekleştirildiği iktisadi birimlere işletme denir. (2) Kâr amaçlı kuruluşların, kuruluşu, finansmanı, üretim araçlarının sağlanması, üretilen mal ve hizmetlerin pazarlanması, örgütlenmesi, yönetilmesi ve finansal olaylarının izlenmesini inceleyen sosyal bilime işletme adı veriliyor. Bir işletmenin başlıca amaçları; işletmenin piyasa değerini artırmak, topluma hizmet etmek, varlığını sürdürebilmek, işletme sahibine para kazandırmak, prestij sağlamak olarak sıralanabilir. Bu amaçlarını gerçekleştirebilmek için işletmelerin bir takım fonksiyonları yerine getirmesi gerekir. Bunları da şöyle sıralayabiliriz: Üretim fonksiyonu, pazarlama fonksiyonu, insan kaynaklarının yönlendirilmesi fonksiyonu, finansman fonksiyonu ve muhasebe fonksiyonu."
"İşsizlik Çeşitleri","Açık işsizlik; mevcut çalışma koşulları ve ücretler düzeyinde çalışmayı kabul ettikleri halde iş bulamayanların oluşturduğu işsizlik çeşididir. Mevsimlik işsizlik; mevsimlik olarak istihdam olanağı bulunan sektörlerde çalışanların bu mevsimler dışında işsiz kalmaları durumunda ortaya mevsimlik işsizlik çıkar. Tarım ve turizm sektörleri bu tür mevsimlik istihdamın yaygın olduğu sektörlerdir. Örneğin turizm sektörünün en yoğun çalıştığı yaz aylarında deniz kenarındaki otellerin doluluk oranı artar ve bu oteller bu süre içinde artan yükü karşılayabilmek için mevsimlik çalıştırmak üzere eleman işe alırlar. Yaz mevsimi bitip de doluluk oranları düştüğünde de bu elemanları işten çıkarırlar. Geçici işsizlik; çalışan kişilerin daha iyi koşullarda çalışabilmek için kendi istekleri doğrultusunda işten ayrılmaları ve yeni bir işe girinceye kadar işsiz kalmaları halini tanımlar. İstihdam oranının en yüksek olduğu ekonomilerde bile ortaya çıkabilecek bir işsizlik türüdür. Konjonktürel işsizlik; ekonomide ortaya çıkan durgunluk ve küçülme hallerinde işletmelerin maliyetlerini düşürerek ortama uyum sağlamak için istihdam azaltmasına gitmeleriyle ortaya çıkan işsizlik halidir. Yapısal işsizlik; ekonomide sektörler arasında ortaya çıkan yapısal değişikliğin yol açtığı bir işsizlik türüdür. Örneğin sanayileşen bir ekonomide tarım sektörü istihdam gücünü kaybetmeye başlar ve bu kesimden sanayiye kayma olur. Bu kayma, tarım sektöründe istihdam edilenlerin hemen sanayi sektöründe iş bulamamaları ve en azından bir süre işsiz kalmalarına yol açar. Teknolojik işsizlik; verimliliğin artırılması amacıyla üretimde daha fazla ve yoğun makine kullanımına geçilmesi, emek yoğun üretimden sermaye yoğun üretime dönülmesi işsizliği artırabilir. Bu durumda teknolojik ilerleme bir yandan verimlilik artışına yol açarken bir yandan da işsizlik artışı getirmiş olur. Gizli işsizlik; bir işletmede ya da bir sektörde çalışanların sayısı azaltıldığı halde o işletme ya da sektörün üretim miktarında bir azalma olmuyorsa orada gizli işsizlik var demektir. Gizli işsizlik aslında adına uygun bir durumu ifade etmez. Çünkü bir işletmede çalışanların bir bölümünü işten çıkarmamıza karşın orada üretim miktarı azalmıyorsa orada işsizlik değil tam tersine aşırı istihdam hali söz konusu demektir. Bu işsizlik türü en çok tarım sektöründe görülür."
"İşsizlik Histeresisi","Olivier Blanchard ve Lawrence Summers, uzun süren işsizlik oranlarının doğal işsizlik oranını yukarılara çektiğini, yani bu tür eğilimlerin uzun dönemli işsizlik oranının da değişmesine yol açtığını öne sürüyorlar. Blanchard ve Summers'a göre bunun temel nedenlerinden birisi sendikaların varlığı. Sendikalar, üyelerinin reel ücretinin düşmesine direnirler. Bu direnç ücretlerin düşerek işsizliğin azalmasını engeller ve işsizlik oranının sıfıra yaklaşmasını önlerler. Uzun süreli işsizlik ortamlarında sendikaların bazı üyeleri de işsiz kalır ve sendika üyesi olma konumunu kaybeder. Bu durumda sendikalar reel ücretlerin düşmesine karşı çıkarak eski üyelerinin iş bulmasına da engel olmuş olurlar. Dolayısıyla uzun süreli işsizlik ortamları doğal işsizlik oranını yukarı taşır. Blanchard ve Summers bu olguya 'işsizlik histeresisi' adını veriyorlar. Histeresis, Yunancadan alınmış bir kelime ve gecikme, kısa kalma anlamlarına geliyor. Asıl olarak fizikte kullanılıyor. Bir hamur topağını alıp da yumruğumuzla bastırıp bırakırsak yavaş yavaş eski biçimine dönmeye yöneldiğini görürüz. Topağa bastırma süremiz ne kadar uzun olursa eski hale dönüş o kadar zaman alır ve o kadar başarısız olur. Blanchard ve Summers'ın bu deyimi kullanma nedeni de budur. Uzun süren yüksek işsizlik doğal işsizlik oranının eski haline gelmesine engel olur."
"İşsizlik Oranı","İstihdam anketinin uygulandığı gün ve önceki hafta içinde kâr karşılığı, yevmiyeli, ücretli ya da ücretsiz olarak hiç bir işte çalışmamış kişilerden son 4 hafta içinde iş arama kanallarını kullanmış ve 2 hafta içinde işbaşı yapabilecek durumda bulunan 15 ve daha yukarı yaştaki kişiler işsiz sayılıyor. İşsiz sayısının toplam işgücüne bölünmesiyle de işsizlik oranı bulunuyor. Bu genel tanımdan hareketle bulunan işsiz sayısının yanı sıra bir de iş bulmaktan umudu olmadığı için iş aramadığı halde iş olsa hemen çalışmaya başlayacak durumda olduğunu ifade edenler var. Bu grupta olanlar işsizlik istatistiklerinde işsiz kategorisinde sayılmıyor. Bu kategoride olanları da işsizler toplamına eklediğimizde literatürde geniş işsizlik kamuoyunda gerçek işsizlik oranı olarak bilinen kavrama ulaşıyoruz."
"İşsizlik Sigortası Fonu","Oranları ülkeden ülkeye değişmekle birlikte, devlet, işveren ve işçiden yapılan prim kesintileriyle oluşturulan ve koşulları sağlayan sigortalılara işsiz kalmaları halinde ödemeleri gerçekleştiren fonlara işsizlik fonu ya da işsizlik sigortası fonu deniyor. İşsizlik sigortası, bir işyerinde çalışırken, çalışma istek, yetenek, sağlık ve yeterliliğinde olmasına rağmen, herhangi bir kasıt ve kusuru olmaksızın işini kaybeden sigortalılara işsiz kalmaları nedeniyle uğradıkları gelir kaybını belli süre ve ölçüde karşılayan, sigortacılık tekniği ile faaliyet gösteren zorunlu sigorta olarak tanımlanıyor. Her ay işveren tarafından Sosyal Güvenlik Kurumu’na verilen bildirgelerde gösterilen 'prime esas kazanç' üzerinden sigortalı ve işveren yüzde 1, devlet de yüzde 2 oranında işsizlik sigortası primi ödüyor. Bu ödemeler İşsizlik Sigortası Fonunda toplanıyor ve işsiz kalanlara buradan ödeme yapılıyor."
"İthal İkamesi","İthal ikamesi, yurt dışından ithal edilmekte olan malların, koruyucu ve özendirici önlemlerle yurt içinde üretilmesini öngören bir sanayileşme politikasıdır. İthal ikamesi politikası, bir yandan yüksek gümrük koruma önlemleriyle ithalatı kısıtlarken bir yandan da teşvik önlemleriyle ithal edilen malın yurtiçinde üretilmesini sağlamaya yönelir. Bu politikada ülke içinde kurulan üretim birimleri, her türlü dış ticaret ve kambiyo politikalarıyla dış piyasanın rekabetinden korunmaya çalışılır. Bu politika, özellikle yeni kurulan ve o nedenle bebek endüstriler adı verilen sanayi dalları için uygulanır. Yeni doğmuş bebeklerin anne tarafından korunmaya bakılmaya nasıl ihtiyacı varsa yeni kurulmuş endüstrilerin de yanı bakım ve korunmaya ihtiyacı olduğu düşüncesinden hareketle bu politika geliştirilmiştir."
"J Eğrisi","Devalüasyon ya da yerli paranın değer kaybetmesi, ilk aşamada yeni koşullara kolay uyum sağlanamayacağı ve yeteri kadar esnek olunamayacağı varsayımı altında dış dengeyi bozar. Bu durumda dış ticaret dengesinde açık yönünde bir yükselme ortaya çıkar. Bu bozulma bir süre sonra yeni koşullara uyum sağlanması sonucu bu kez ucuzlayan ihraç mallarına talebin artması ve pahalılaşan ithal mallarına talebin düşmesiyle tersine döner. Bu terse dönüş bir J harfini andırdığı için bu gelişmenin gösterildiği grafikteki dış ticaret dengesindeki değişimi gösteren eğriye J Eğrisi deniyor."
"Kalkınma","Ekonomik kalkınma, bir ülkede ya da bölgede yaşam standartlarının yükselmesidir. Yaşam standartları dediğimiz zaman gelir, tüketim ve tasarruf gücü gibi maddi kavramların yanı sıra eğitim, sağlık, kaliteli yiyecek ve su gibi genel kavramları da kastediyoruz. Bunu ölçmek için önerilen birçok endeks arasında en çok kabul göreni Birleşmiş Milletler tarafından yayımlanan 'insani gelişmişlik endeksi' dir."
"Kamu Kesimi İç Borçlanması","Kamu kesiminin iç piyasadan yaptığı borçlanmaya kamu kesimi iç borçlanması deniyor. Bu borçlanma ağırlıklı olarak Hazine tarafından yapıldığı için bazen Hazine iç borçlanması deyimi de eş anlamlı olarak kullanılıyor. Kamu kesimi iç borçlanmasının TL ile veya dövize endeksli olarak ya da dövizle yapılması borçlanmanın niteliğini değiştirmiyor ve bu borçlanma türü iç borçlanma olarak değerlendiriliyor."
"Kamu Kesimi Dış Borçlanması","Kamu kesiminin dış piyasalardan yaptığı borçlanma kamu kesimi dış borçlanması olarak adlandırılıyor. Bu borçlanmada da Hazine’nin önemli bir ağırlığı söz konusu. Bu borçlanma dört şekilde yapılabiliyor: (1) Kredi almak yoluyla, (2) Tahvil ihracı yoluyla, (3) Devletlerden borçlanma, (4) Uluslararası kurumlardan borçlanma."
"Karşılıklar Politikası (Rezerve Requirements Policy)","Bankalar topladıkları mevduatın ve diğer kaynaklarının merkez bankası tarafından belirlenen oranda belirli bir miktarını, ileride karşılaşabilecekleri zorluklarda talep edip kullanabilmek için merkez bankasına yatırmak zorundadırlar. Buna zorunlu karşılıklar, bunun miktarını belirlemeye yarayan orana da karşılık oranı adı veriliyor."
"Kapasite Kullanım Oranı","Bir üretim biriminin belirli bir dönemde fiilen gerçekleştirdiği üretim miktarının fiziki olarak üretebileceği en yüksek miktara olan oranını gösterir. İmalat sanayi kapasite kullanım oranı, Merkez Bankası’nın imalat sanayi sektöründe çalışan işyerlerine her ay uyguladığı İktisadi Yönelim Anketi’ne verilen cevaplara göre hazırlanıp yayımlanır."
"Kapitülasyon","Bir devletin bir anlaşmaya bağlı olarak başka devletlere tanıdığı ekonomik ve sosyal ayrıcalıklar bütününe kapitülasyon adı verilir. Kapitülasyon Latince koşullar anlamına gelmektedir. Tarihte kazandığı özel anlamla kapitülasyon, bir ülke tarafından başka bir ülkenin vatandaşlarına verilen ticari ayrıcalıklar bütünüdür."
"Kartel","Aynı alanda üretim yapan firmaların ya da devletlerin çeşitli anlaşmalarla tekel koşullarını yaratacak şekilde birlikte hareket ettikleri yapılanmadır."
"Kaya petrolü","Kayalar arasında bulunan kerogen adlı organik maddenin çeşitli teknik yöntemlerle (Hidrojenerasyon veya termokimyasal çözültmeler gibi) dönüştürülmesiyle oluşan bir petrol türü."
"Kemer Sıkma (Önlemleri)","Kamu gelirlerini artırarak, kamu harcamalarını azaltarak ya da her ikisini bir arada yaparak kamu kesimi açığını düşürmeye çalışan önlemler bütününe kemer sıkma ya da kemer sıkma önlemleri deniyor."
"Konjonktür","Konjonktür ya da iş döngüsü, ekonomik döngü veya konjonktür devresi, ekonomik etkinlik veya üretimde birkaç ay veya yılı aşan ekonomik dalgalanmaları belirtmek için kullanılan terimdir."
"Kredi Notlarının Anlamı","Üç büyük kredi değerlendirme kuruluşu (Standard and Poor's, Moody's ve Fitch) yabancı para cinsinden verdikleri uzun vadeli kredi notlarının anlamları aşağıdaki tabloda yer almaktadır."
"Kırılgan Beşli","Morgan Stanley’in Ağustos ayı ekonomi raporunda kırılgan beşli diye bir gruplandırma ortaya atıldı. Kırılgan beşli olarak adlandırılan bu grupta Hindistan, Brezilya, Endonezya, Türkiye ve Güney Afrika yer alıyor."
"Kıyı Bankacılığı","Off Shore bankacılık ya da kıyı bankacılığı; ülke dışında sağlanan fonların, ülke dışında kullandırılması amacıyla yapılan işlemleri kapsamaktadır."
"Kira Sertifikası","Hazine Müsteşarlığı Varlık Kiralama AŞ tarafından kendi adına ve kira sertifikası sahiplerinin hesabına satın almak veya kiralamak suretiyle edinilen varlıkların finansmanını sağlamak amacıyla çıkarılan ve satın alanların bu varlıklardan elde edilen gelirlerden payları oranında gelir elde etmelerini sağlayan senetlerdir."
"Konjonktür Dalgaları (Business Cycle)","GSYH'nın uzun dönemde potansiyel GSYH çevresinde gösterdiği periyodik dalgalanmalara verilen isimdir. Dört aşamadan oluştuğu düşünülür: Tepe, daralma, dip ve genişleme."
"Konversiyon","Borçların değiştirilmesi, borç yükünün hafifletilmesi amacıyla, borçlunun ödeyeceği faiz oranında bir indirim yapılması işlemini ifade eder."
"Konvertibilite","Konvertibilite, genel olarak bir değerin bir başka değere dönüştürülebilmesi işlemini ifade eder. Para olduğunda, bir ülke parasının diğer ülke paralarına dönüştürülebilmesi anlamına gelir."
"Kur","Döviz kuru, bir ülkenin parasının yabancı paralar karşısındaki değerini belirleyen katsayıdır. Alış ve satış kuru ile birlikte döviz alım satımı yapan kurumların belirlediği oranlardır."
"Kur Rejimi","Kur rejimi, bir ülkenin kendi parasını yabancı paralarla değer açısından ilişkilendirme yöntemidir. Sabit, peg, para kurulu, dalgalı ve müdahaleli dalgalı kur rejimleri gibi çeşitleri vardır."
"Kur Savaşları","Kur savaşları, ihracatı artırmak için kendi paralarının değerini düşük tutma çabalarını ifade eder. Ülkeler arasında karşılıklı adımların alındığı bir durumdur."
"Kur Riski","Kur Riski, gelecekte döviz kurunda yaşanabilecek dalgalanmalar sonucunda varlıklar veya yükümlülüklerde meydana gelebilecek değişikliklerden zarar edilmesi olasılığıdır."
"Kur Sepeti","Kur sepeti, bir ülke parasının yabancı paralar karşısındaki değerini ölçmek için birden fazla yabancı para ile oluşturulan sepeti ifade eder."
"Küreselleşme","Sermaye akımlarının serbest kalması ile kapitalizmin dünyanın neredeyse tamamına yaygın bir sistem haline gelişi."
"Libor","LIBOR, London interbank offered rate'in kısaltmasıdır ve yüksek itibarlı bankaların borç verecekleri faiz oranını belirten bir orandır."
"Likidite tuzağı","Likidite tuzağı, para arzındaki artışların faizleri daha fazla düşüremeyeceği bir aşamayı ifade eder. Ekonomiye enjekte edilen likidite atıl birikim olarak elde tutulur."
"Maastricht Antlaşması ve Maastricht Kriterleri","1993 yılında yürürlüğe giren antlaşmadır. Üye ülkelerin Euro'ya geçiş kriterleridir. Bu kriterler arasında fiyat istikrarı, bütçe açığı, kamu borç yükü, faiz oranı ve döviz kuru istikrarı bulunur."
"Makro İhtiyati Politikalar","Bu deyim, finansal sistemde (bankalar, sigorta şirketleri, finansal kiralama şirketleri, faktoring şirketleri ve diğerleri) ortaya çıkabilecek riskleri denetlemek ve düşürmek amacını güden önlemler bütününü tanımlamak için kullanılıyor. Bu politikaları uygulamaktan güdülen amaç ise finansal sorunlar nedeniyle ortaya çıkabilecek sistemik riskin finansal sistem ve reel ekonomi üzerindeki olumsuz etkilerini sınırlamaktır."
"Mali Anestezi","Anestezi, hissetme yokluğudur. Cerrahi müdahale öncesinde, kişinin müdahalenin acısını, ağrısını hissetmemesi için vücuduna genel olarak veya lokal olarak verilen ilaçlarla hissetme yetisinin kaybı sağlanır. Mali anestezi; kişi ve kurumların tam olarak farkına varmadan vergi veya benzeri bir yükümlülüğü ödemeleri halidir. Dolaylı vergilerde geçerlidir; KDV bunun tipik örneğidir."
"Mali İllüzyon","Devlet gelirleri yeterince şeffaf bir görünümde değilse ve vergi mükellefleri tarafından net bir biçimde algılanamıyorsa devlet giderleri olduğundan daha az maliyetli sanılabilir. Bu duruma mali illüzyon deniyor."
"Mali Konsolidasyon","Harcama kalemlerinde indirime gidilmesi ya da gelirlerin artırılması yoluyla bütçe açığını ve dolayısıyla borç yükünü azaltmayı öngören uygulamalar bütününe mali konsolidasyon adı verilmektedir."
"Mali Kural","Kamu maliyesi açısından izlenecek politika iki türlü olabilir: Esnek politika ya da kurala bağlı politika. Kurallara bağlı maliye politikası söz konusu olduğunda uygulanacak maliye politikasının esneklik limitlerini belirleyen kurallara mali kural adı veriliyor."
"Mali Piyasa","Mali piyasa; borç verilebilir fonlar arzı ile bu fonlara yönelik talebin buluştuğu piyasadır. Doğrudan finansman ve dolaylı finansman olmak üzere iki tür finansman söz konusudur."
"Mali Sürüklenme","Bir ekonomide vergi gelirlerindeki otomatik artışın ekonomi üzerinde ters etki yaratarak büyüme hızını düşürmesine mali sürüklenme deniyor."
"Maliye Politikası","Ekonomik dengeyi sağlamak veya dengesizlikleri gidermek için mali araçların kullanılmasıdır. Dört temel alt politikası vardır: Vergi, harcama, borçlanma ve diğer politikalar."
"Manipülasyon","Manipülasyon; hileli yönlendirme olarak tanımlanmaktadır. Yanlış bilgi ya da söylenti yayarak yatırımcıları yanıltmak ya da bir menkul kıymetin fiyatını kasıtlı olarak düşürme veya yükseltme girişiminde bulunmaktır."
"Manşet Enflasyon","Enflasyonu ölçmekte kullanılan en geniş kapsamlı endeks TÜFE endeksidir. Enflasyon oranları açıklandığında en çok bu endeksteki değişme dikkat çeker."
"Marjinal Fayda","Son tüketilen birimin sağladığı faydaya marjinal fayda denir."
"Marjinal Fonlama Oranı","Merkez Bankası'nın bankalara kısa vadeli fon sağlaması ile ilgili bir terimdir. Gecelik fonlama faizi, Merkez Bankasının faiz koridorunun üst limitini oluşturur."
"Merkez Bankası Bağımsızlığı","Merkez Bankası’nın bağımsızlığı dört tür bağımsızlık içerir: Amaç, araç, finansal ve kurumsal bağımsızlık."
"Mevsim etkisinden arındırma","Karşılaştırmaya esas alınan verinin elde edildiği dönem arasında hava koşulları, sosyal, kültürel ve dinsel etkiler nedeniyle ortaya çıkan farklılıkların ortadan kaldırılmasıdır."
"Mortgage","Konut kredisi anlamına gelir."
"Mutlak üstünlük","Bir kişi, şirket ya da ülke bir ürünü diğerine göre daha az çaba ve kaynak harcayarak üretiyorsa o ürün açısından mutlak üstünlüğe sahiptir."
"Narh","Mal ve hizmetlerin satış fiyatlarının kamu otoriteleri tarafından belirlenmesidir. Tavan ve taban fiyat uygulamaları ile hem üreticiyi hem de tüketiciyi korumaya yöneliktir."
"Net Hata ve Noksan","Bir ülkenin dış dünya ile ekonomik ilişkilerini gösteren ödemeler dengesine ilişkin verilerin derlenmesinde ortaya çıkan hatalar ve eksikliklerin gösterildiği kalemdir."
"Kavram","Tanım"
"Neoliberalizm","Liberalizm Aydınlanma Çağının bir ürünü olarak ortaya çıkan bir yaklaşımdır. Bireyin özgür olmasını ve ekonomik güçler arasında özgür yarışmayı, devletin bireyler, sınıflar ve uluslar arasındaki ekonomik ilişkilere karışmamasını isteyen siyasal ve ekonomik öğretidir. Liberalizmi diğerlerinden farklı ve özgün kılan temel fark; bireyin toplum içindeki rolünü güçlendirmesi ve mutlak monarşik sistemlere meydan okumasıdır. 1929 bunalımından sonra liberalizmin yerini büyük ölçüde devlet müdahalesi ve piyasalara karışımlar aldı. 1970’lerden başlayarak liberalizmin yeni bir formu ya da yeni bir yorumlanış şekli neoliberalizm adıyla ortaya çıktı. Neoliberaller Adam Smith’in ulusların zenginliği kitabında öne sürdüğü ilkelere geri döndü. Adam Smith piyasada ekonomik aktivitenin devlet tarafından değil de 'görünmez bir el' tarafından sürdürülmesi gerektiğini öne sürmüştü. Neoliberalizme göre bireylerin serbest piyasada istedikleri gibi üretmesine ve satmasına olanak sağlamak topluma çok büyük bir refah getirecektir. Neoliberaller pazarın ve piyasaların devlet denetiminden tamamen çıkarılması gerekliliğini, kuralların gevşetilmesini ve özelleştirmeyi savunmaktadırlar."
"Niceliksel Gevşeme (Quantitative Easing, QE)","Merkez bankalarının piyasadaki para miktarını artırmak için tahvil ve bono satın alarak karşılığında piyasaya para arzetmelerine niceliksel gevşeme deniyor. Para politikasının bir aracı olarak kullanılan niceliksel gevşemenin amacı piyasadaki likiditeyi artırarak kredi verilmesini teşvik etmek ve bu yolla ekonomiye canlılık kazandırmaktır. İlk kez 2001 yılında deflasyon tehlikesine karşı Japon Merkez Bankası tarafından kullanılmış bir politika aracıdır. Küresel kriz sırasında Fed, İngiltere Merkez Bankası, Avrupa Merkez Bankası ve Japonya Merkez Bankası tarafından faizi düşürmenin işe yaramadığı ya da faizi düşürecek imkan kalmadığı bir ortamda ekonomiyi canlandırmanın bir yolu olarak kullanılmıştır. Bu politika aracını şimdiye kadar en yaygın kullanan merkez bankası Fed olmuştur."
"Nominal döviz kuru","Piyasada geçerli olan döviz kuruna nominal döviz kuru deniyor. Örneğin 20 Eylül Cuma 2013 gününde piyasaya bakarak geçerli kur 1 USD = 1,98 TL dediğimizde 1,98 nominal kuru gösteriyor."
"Nominal faiz","Bankaların mevduata uygulayacaklarını açıkladıkları faiz nominal faizdir. Örneğin bir banka 1 yıl vadeli mevduata yüzde 5 faiz vereceğini açıklamışsa bu nominal faizdir. Bankaların açıkladıkları nominal faizden vade sonunda gelir vergisi stopajı yapılır. Mevduat sahibinin eline geçen faiz getirisi bu kesintiden sonraki tutardır. Bu tutara net nominal faiz deniyor."
"Nörofinans","Davranışsal finansın bir dalı olarak gelişen nörofinans, psikoloji, sosyoloji ve diğer bilim dallarını ekonomiyle bir araya getirmeyi ve bu yolla insanların nasıl karar verdiklerini anlamaya çalışan bir yaklaşımdır. Bir başka ifadeyle insanların kıt kaynaklarla yola çıkıp bir karar alırken nasıl bir seçim yaptıklarını açıklamayı hedefleyen bir daldır. Niçin bazı insanlar finansal bir seçim yaparken, bir karar alırken daha çok risk üstlenirler de diğerleri bu riskler, üstlenmekten kaçarlar? Niçin bazı insanlar geleceğini daha çok düşünür ve daha çok tasarruf yapar da bazıları bugüne değer verip daha çok harcama yaparlar? Niçin bazı insanlar yatırım yaparken diğerlerine göre daha emin ve rahattırlar? Nörofinans bu sorulara yanıt arar."
"OPEC","Petrol ihraç eden ülkelerin oluşturduğu bir birliktir. Üyeleri şu ülkelerdir: Angola, Libya, Nijerya, Cezayir, İran, Irak, Kuveyt, Katar, Suudi Arabistan, Birleşik Arap Emirlikleri, Venezuela, Ekvator. OPEC, fiyatın belirlenmesini üretimi kısıtlayarak sağladığı için bir kartel özelliği göstermektedir. Buna karşılık kartel olarak adlandırılmasını sağlayan zorlayıcı bir mekanizmaya sahip değildir."
"Opsiyon İşlemi","Mal, döviz, menkul değer, faiz gibi bir varlığı belirli bir sürede sabit bir fiyattan satın alma ve satma hakkı veren yatırım aracıdır. Opsiyon sahibi, belli bir prim karşılığı satın aldığı opsiyon sözleşmesini, sözleşmede belirlenen süre içinde veya sonunda kullanma hakkına sahip olmaktadır. Opsiyon sahibinin, vade sonunda opsiyonu kullanma zorunluluğu yoktur. Opsiyon hakkını alan tarafın maksimum kaybı ödediği primdir. Opsiyon hakkını satan taraf ise bu prim kazancını elde etmektedir."
"Orta Gelir Tuzağı","Bir ekonominin belirli bir kişi başına gelir düzeyine ulaştıktan sonra orada sıkışıp kalması haline orta gelir tuzağı denir. Orta gelir tuzağı bir ekonomide kişi başına gelir düzeyinin belirli bir aşamadan öteye gidememesi ya da belirli bir gelir düzeyine ulaştıktan sonra durgunluk içine girilmesini, özetleyen bir yaklaşımdır. Bu tanımda açık olmayan konu hangi gelir düzeyinin orta gelir düzeyi olarak kabul edilmesi gerektiği meselesidir."
"Ortodoks Ekonomik Yaklaşım","Ortodoks sözcüğü, ekonomideki kullanımı itibariyle; 'ana akıma uygun olan teori ve uygulamalar' anlamına geliyor."
"Otomatik Stabilizatörler","Başlıktaki otomatik sözcüğünü Türkçe’de 'kendiliğinden, kendi başına', stabilizatör sözcüğünü 'dengeleyici' olarak karşılamak mümkün. Buna göre otomatik stabilizatörün anlamı 'kendiliğinden denge sağlayıcı (mekanizma)' oluyor. Bu deyim daha çok kamu maliyesi ve maliye politikasında geçiyor."
"Ödemeler Dengesi (Balance of Payments)","Bir ekonomide yerleşik olan kişilerin belirli bir süre (ay, üç ay ya da yıl) boyunca başka ekonomilerde yerleşik kişilerle yaptığı ekonomik işlemlerin kaydedildiği hesaplardan çıkarılan tablonun adıdır. Ödemeler dengesi 5 dengeden oluşur: Cari işlemler hesabı, sermaye hesabı, finans hesabı, net hata ve noksan, rezerv varlıklar."
"Örümcek Ağı Teoremi","Tarım ürünlerinin üretilmesi belirli bir zaman süresini gerektirir ve mevsimlere bağlıdır. O nedenle bu ürünlerin fiyatında herhangi bir nedenle ortaya çıkacak artışlara dayalı olarak üretim miktarını yani arzı hemen artırmak mümkün olmaz. Mesela arpa, buğday gibi hububatın üretimi bir yıllık bir süreye ihtiyaç gösterir."
"Özelleştirme (Privatisation)","Özelleştirme dar anlamda kamu kesimi elinde bulunan şirket paylarının özel kesime aktarılması, geniş anlamda ise kamu kesimi tarafından yönetilen üretim birimlerinin yönetiminin özel kesime devri olarak tanımlanabilir."
"Para","Mal ve hizmetleri satın almaya, değer saklamaya ve değer ölçüsü görevi görmeye yarayan araca para denir. Bu tanıma göre paranın üç temel işlevi var: (1) Malların değiş tokuşuna aracılık etmek. (2) Değer ölçüsü görevi görmek. (3) Değer saklama görevi yapmak."
"Para Arzı (Money Supply, Money Stock)","Bir ekonomide belirli bir anda mevcut para stokuna para arzı deniyor. Para tanımını dar tanımdan geniş tanıma göre sıraladığımızda karşımıza bazı ayrıntılı para arzı kavramları çıkıyor."
"Para Piyasası (Money Market)","Kısa vadeli, yüksek likidite taşıyan finansal araçların işlem gördüğü piyasaya para piyasası deniyor."
"Para Politikası (Monetary Policy)","Para politikası, merkez bankalarının bazı araçları kullanarak piyasadaki para miktarını etkileyerek piyasaya sürdüğü paranın istikrarını sağlamak amacıyla uyguladığı politikalar bütününe verilen addır."
"Para Politikası Araçları (Monetary Policy Tools)","Para politikası denildiğinde üç grupta toplanabilecek alt politikalar anlaşılıyor."
"Paradigma","Bir alandaki geçerli model veya kurallar bütünü; öncelikle dilbilgisi için kullanılmış, sonrasında bilimlere yayılmıştır."
"Paranın Dolaşım Hızı (Velocity)","Bir birim paranın ne kadar mal veya hizmet alımında kullanıldığını gösteren ölçü."
"Parasal Aktarım Mekanizması","Parasal değişkenlerin toplam talep ve enflasyonu etkilediği süreçleri açıklayan mekanizma; üç aşamadan oluşur: para politikası değişikliklerinin etkisi, talep etkisi ve fiyatlama davranışları."
"Parasal Taban (Para Bazı)","Dolaşımdaki para ve bankaların Merkez Bankası'ndaki zorunlu karşılıklarının toplamı."
"Parite","İki ülke parasının birbirine karşı alım satım değeri; genellikle döviz kurları ile ifade edilir."
"PMI Endeksi","Satın alma yöneticilerinin mal ve hizmet taleplerine ilişkin eğilimlerini gösteren endeks; ekonomik büyüme öngörülerini değerlendirir."
"Post Otistik Ekonomi","Neoklasik ekonomi öğretisine karşıt bir düşünce akımı; matematiğin ekonomi biliminin merkezi bir unsuru haline geldiğini eleştirir."
"Rasyonel beklentiler (Rational Expectations)","İnsanların geleceğe ilişkin beklentilerini, ellerinde bulunan tüm açıklanmış verileri kullanarak oluşturması gerektiğini savunan yaklaşım."
"Reel Döviz Kuru (Real Effective Exchange Rate)","İki ülkenin para birimleri arasında geçerli nominal döviz kurunun aynı malların fiyatlarıyla karşılaştırılmasıyla hesaplanan kur."
"Reel Efektif Döviz Kuru Endeksi (REK)","Nominal efektif döviz kurunun göreli fiyat veya maliyet farklarıyla düzeltilmiş halidir."
"Reel Faiz (Real Interest Rate)","Net nominal faizden enflasyonun etkisinin giderilmesi yoluyla hesaplanan faizdir."
"Reeskont (Rediscount)","Vadesi gelmemiş ticari senetlerin bir bankaya daha düşük bir değerle satılmasına iskonto denir; ikinci kez iskonto reeskont olarak tanımlanır."
"Reeskont Faizi (Rediscount Rate)","Merkez Bankası'nın ticari senetleri reeskonta sokarken uyguladığı faizdir."
"Reeskont Kredisi","Bankaların, Merkez Bankası'ndan reeskont yoluyla aldıkları kredidir."
"Reeskont Politikası (Rediscount Policy)","Merkez Bankası'nın piyasa likiditesini etkilemek amacıyla reeskont faiz oranını değiştirmesi."
"Repo ve Ters Repo","Repo, geçici likidite sağlamak için menkul değerlerin geri satımıdır; ters repo ise fazla likiditenin çekilmesidir."
"Resesyon (Recession)","Ekonomik faaliyetlerin daralması; üst üste iki çeyrek GSYH küçülmesi resesyon olarak tanımlanır."
"Reyting ya da Kredi Değerliliği Ölçüsü (Rating)","Bir ülke veya şirketin kredi değerliliğini ölçen sistem; reyting kuruluşları tarafından gerçekleştirilir."
"Rezerv Opsiyon Mekanizması ve Rezerv Opsiyon Katsayısı (ROK)","TCMB'nin bankaların zorunlu karşılıklarının bir kısmını döviz veya altın cinsinden yatırmalarına izin verdiği mekanizma."
"Rezerv Para","Uluslararası geçerliliği olan ve ticarette yaygın kullanılan para; ayrıca merkez bankasındaki rezervlerle de tanımlanır."
"Saç Traşı (Haircut)","Herhangibir varlığın teminat olarak kullanılması halinde alabileceği değer ile piyasa değeri arasındaki farka saç traşı deniyor."
"Satınalma Gücü Paritesi (SAGP ya SGP)","Satınalma gücü paritesi (SAGP) ülkeler arasındaki fiyat düzeyi farklılıklarını ortadan kaldırarak farklı para birimlerinin satın alma güçlerini eşitleyen bir değişim oranını ifade ediyor."
"Sermaye - Hasıla Katsayısı","Bir ekonomide mevcut sermaye stoku ile GSYH arasındaki ilişkiye ortalama sermaye hasıla katsayısı ya da oranı adı veriliyor."
"Sıcak Para (Hot Money)","Sıcak para, bir ülkedeki yüksek faizlerden, yüksek getirilerden yararlanmak üzere o ülkeye gelen dövizlere verilen addır."
"Slumpflasyon","Bir ekonomide enflasyon olgusu yaşanırken ekonomi küçülüyorsa o ekonomide slumpflasyon (enflasyon içinde küçülme) hali var demektir."
"Spekülasyon","Spekülasyon; bir yatırım aracı ya da mal ile ilgili olarak risk üstlenerek gelecekte oluşacak fiyat değişimlerinden kâr elde etmeye çalışma eylemidir."
"Spot Piyasa","Spot Piyasa; bir ürünün alış veya satışının, işlem tarihinde belirlenen fiyat üzerinden en geç iki iş günü sonrasında gerçekleştirildiği piyasadır."
"Stagflasyon","Bir ekonomide enflasyon olgusu yaşanırken ekonomi büyümüyorsa o ekonomide stagflasyon (enflasyon içinde durgunluk) hali var demektir."
"Sterilizasyon","Sterilizasyon, cari açık ya da fazlanın para arzındaki değişimler aracılığıyla yaratabileceği olumsuz etkileri gidermek için yürütülen para politikası uygulamalarıdır."
"Stres Testi","Ekonomide olumsuz gelişmelerin ortaya çıkması halinde finans kuruluşlarının bu gelişmelere karşı koyabilmek için yeterli miktarda sermaye bulundurup bulundurmadığının tespiti için uygulanan bir testtir."
"Stok Değişimi","Stoklardaki miktarın artması ya da azalmasına stok değişimi denir. Stok değişimi iki şekilde olur: ekleme yapılması ya da kullanım yapılması."
"Sukuk","Sukuk, finansal sertifikaları ifade eder; İslami tahvil veya bono olarak tanımlanabilir."
"Swap İşlemi","İki tarafın birbirlerine belirli süreler sonunda ödeme taahhütlerini içeren bir sözleşmedir."
"Şangay İşbirliği Örgütü","Şangay İşbirliği Örgütü, siyasal, ekonomik, askeri alanlarda işbirliğini geliştirmeyi amaçlayan bir örgüttür."
"Tahkim (Konsolidasyon)","Tahkim, kısa vadeli borçların uzun vadeli hale getirilmesi olarak tanımlanabilir."
"Tarife Dışı Engeller (Non Tariff Trade Barriers)","Gümrük tarifesi dışında, uluslararası mal ve hizmet akımlarının serbest ticaret koşullarına engel olan her türlü araç ve politikadır."
"Tasarruf Çelişkisi","Toplumda herkesin aynı anda tasarrufa başlaması, toplam talebin ve dolayısıyla toplam gelirin düşmesine yol açar."
"Takvim etkisinden arındırma","Verinin elde edildiği dönem arasında hafta sonu, resmi tatil gibi farklılıkların giderilmesine takvim etkisinden arındırma deniyor."
"Takvim ve mevsim etkisinden arındırma","Verinin elde edildiği tarih arasındaki hem takvim hem de mevsim etkisi farklarının giderilmesine takvim ve mevsim etkilerinden arındırma deniyor."
"Taylor Kuralı","Merkez bankalarının kısa dönem borç verme faiz oranlarını belirleyen bir para politikası kuralıdır."
"Tekel","Bir pazarda bir ürünü üreten ya da pazarlayan tek bir firmanın bulunması durumudur."
"Teknik Analiz","Fiyat, miktar, hacim gibi göstergelerden hareketle geçmiş piyasa hareketlerinin analiz edilmesidir."
"Tezgahüstü Piyasa","Taraflar arasında doğrudan alınıp satılabilen piyasalardır."
"Tobin Vergisi (Tobin Tax)","Yabancı kaynakların uzun süre kalmasını sağlamak için uygulanan bir vergidir."
"Toksik Varlıklar","Olumsuz bir gelişme halinde büyük ölçüde değer kaybı yaşayan finansal varlıklara toksik varlık deniyor."
"Troika","Borç krizi sırasında kurtarma paketlerini hazırlayan üç kuruluşun (Avrupa Komisyonu, Avrupa Merkez Bankası ve IMF) oluşturduğu gruptur."
"Tutsat","Konut, arsa gibi taşınmaz mallar üzerinden gerçekleştirilecek ipotek karşılığında uzun vadeli konut kredilerini ifade eder."
Tüketim Fonksiyonu,"Tüketim harcamalarının harcanabilir gelirle ilişkisini gösterir. Gelir arttıkça tüketim artar, ancak artış hızı daha yavaş olur."
Türev Ürünler,"Başka bir değerin getirisine bağlı olarak türetilmiş araçlardır. Riskten korunma veya getiri sağlama amacı taşır."
Türk Lirası Depo Alım İhalesi İşlemleri,"Merkez Bankası'nın Türk lirası likidite fazlasını sterilize etmek için bankalardan ihale yöntemiyle depo almasıdır."
Tüyo,"Kamuya açıklanmamış ve sermaye piyasası araçları üzerinde etkili olabilecek bilgilerdir. Bilgi suiistimali ile ilişkilidir."
Uluslararası Yatırım Pozisyonu,"Bir ülkede yerleşik kişilerin yurtdışındaki finansal alacakları ve yükümlülüklerinin belirli bir tarihteki değeridir."
Uyarlanmış Beklentiler,"İnsanların geleceğe dair beklentilerini geçmiş deneyimlerine dayandırarak oluşturdukları bir yaklaşımdır."
Ülke Riski,"Bir ülkedeki borçluların yurt dışı yükümlülüklerini yerine getirememe olasılığına bağlı riskleri ifade eder."
Üretim Fonksiyonu,"Üretim faktörleri ile elde edilen ürünler arasındaki ilişkinin fonksiyonel bir biçimde ifade edilmesidir."
Varant,"Belirli bir tarihten önce dayanak varlığı alma veya satma imkanı tanıyan yatırım aracıdır."
Varlık Fonu,"Devletin sahip olduğu finansal varlıklara yatırım yaparak gelirini artırmayı hedefleyen fonlardır."
Varlık Vergisi,"Kişilerin sahip olduğu varlıklar üzerinden alınan vergidir."
Vergi Gayreti,"Vergi kapasitesi ile tahsil edilen vergi miktarı arasındaki oransal ilişkiyi ifade eder."
Vergi Kapasitesi,"Bir ülkede belli bir dönemde vergilendirilebilecek potansiyeli ifade eder."
Verimlilik,"Belirli bir zaman aralığında bir birim girdi ile elde edilen ürün oranıdır."
VİOP,"Borsa İstanbul Vadeli İşlem ve Opsiyon Piyasası'dır. Vadeli işlem ve opsiyon sözleşmeleri alınıp satılır."
Volatilite,"Finansal varlıkların fiyat değişimlerini ifade eder. Yüksek volatilite yüksek risk anlamına gelir."
Yap - İşlet - Devret modeli,"Kamu altyapı yatırımlarının özel sektör tarafından yapılması, işletilmesi ve sonra devredilmesi modelidir."
Yapılandırılmış Finansal Ürünler,"Getiri veya koruma seçeneklerinin farklılaştırıldığı, kişiye özel yapılandırılabilen ürünlerdir."
Yapısal Reform,"Bir sistemin verimliliğini artırmak için yapılan köklü değişikliklerdir."
Yastık Altı Birikimi,"Tasarrufların banka yerine evde saklanması durumunu ifade eder."
Yatırım Fonu,"Tasarrufların profesyonel yöneticiler tarafından yönetilerek değerlendirilmesini sağlayan bir yatırım aracıdır."
Yatırım Yapılabilir Ülke Statüsü,"BBB ya da Baa düzeyinde nota sahip olmayı gerektiren statüdür."
Yeniden Yapılandırma,"Borç-alacak ilişkilerinin yeni koşullara göre düzenlenmesidir."
ZEW Endeksi,"Alman ekonomisinin gidişi hakkında bilgi veren aylık güven endeksidir."
Zorunlu Karşılıklar,"Bankaların Merkez Bankasında tutması zorunlu olan mevduat karşılığı miktarlardır."